time,grid_load,soc
0.0,23.0,50.68666666666666
1.0,23.0,50.85333333333333
2.0,23.0,51.019999999999996
3.0,23.0,51.18666666666666
4.0,23.0,51.35333333333333
5.0,23.0,51.519999999999996
6.0,23.0,51.68666666666666
7.0,23.0,51.85333333333333
8.0,23.0,52.019999999999996
9.0,23.0,52.18666666666666
10.0,23.0,52.35333333333333
11.0,23.0,52.519999999999996
12.0,23.0,52.68666666666666
13.0,23.0,52.85333333333333
14.0,23.0,53.019999999999996
15.0,23.0,53.18666666666666
16.0,23.0,53.35333333333333
17.0,23.0,53.519999999999996
18.0,23.0,53.68666666666667
19.0,23.0,53.85333333333333
20.0,23.0,54.019999999999996
21.0,23.0,54.18666666666667
22.0,23.0,54.35333333333333
23.0,23.0,54.519999999999996
24.0,23.0,54.68666666666667
25.0,23.0,54.85333333333333
26.0,23.0,55.019999999999996
27.0,23.0,55.18666666666666
28.0,23.0,55.35333333333333
29.0,23.0,55.519999999999996
30.0,23.0,55.68666666666666
31.0,23.0,55.85333333333333
32.0,23.0,56.019999999999996
33.0,23.0,56.18666666666666
34.0,23.0,56.353333333333325
35.0,23.0,56.519999999999996
36.0,23.0,56.68666666666666
37.0,23.0,56.853333333333325
38.0,23.0,57.019999999999996
39.0,23.0,57.18666666666666
40.0,23.0,57.353333333333325
41.0,23.0,57.519999999999996
42.0,23.0,57.68666666666666
43.0,23.0,57.853333333333325
44.0,23.0,58.019999999999996
45.0,23.0,58.18666666666666
46.0,23.0,58.353333333333325
47.0,23.0,58.519999999999996
48.0,23.0,58.68666666666666
49.0,23.0,58.853333333333325
50.0,23.0,59.01999999999999
51.0,23.0,59.18666666666666
52.0,23.0,59.353333333333325
53.0,23.0,59.51999999999999
54.0,23.0,59.68666666666666
55.0,23.0,59.853333333333325
56.0,23.0,60.01999999999999
57.0,23.0,60.18666666666665
58.0,23.0,60.353333333333325
59.0,23.0,60.51999999999999
60.0,23.0,60.68666666666665
61.0,23.0,60.853333333333325
62.0,23.0,61.01999999999999
63.0,23.0,61.18666666666665
64.0,23.0,61.353333333333325
65.0,23.0,61.51999999999999
66.0,23.0,61.68666666666665
67.0,23.0,61.853333333333325
68.0,23.0,62.01999999999999
69.0,23.0,62.18666666666665
70.0,23.0,62.353333333333325
71.0,23.0,62.51999999999999
72.0,23.0,62.68666666666665
73.0,23.0,62.85333333333332
74.0,23.0,63.01999999999999
75.0,23.0,63.18666666666665
76.0,23.0,63.353333333333325
77.0,23.0,63.51999999999998
78.0,23.0,63.68666666666665
79.0,23.0,63.85333333333332
80.0,23.0,64.01999999999998
81.0,23.0,64.18666666666665
82.0,23.0,64.35333333333332
83.0,23.0,64.51999999999998
84.0,23.0,64.68666666666665
85.0,23.0,64.85333333333332
86.0,23.0,65.01999999999998
87.0,23.0,65.18666666666665
88.0,23.0,65.35333333333332
89.0,23.0,65.51999999999998
90.0,23.0,65.68666666666665
91.0,23.0,65.85333333333332
92.0,23.0,66.01999999999998
93.0,23.0,66.18666666666665
94.0,23.0,66.35333333333331
95.0,23.0,66.51999999999998
96.0,23.0,66.68666666666665
97.0,23.0,66.85333333333331
98.0,23.0,67.01999999999998
99.0,23.0,67.18666666666664
100.0,23.0,67.35333333333331
101.0,23.0,67.51999999999998
102.0,23.0,67.68666666666665
103.0,23.0,67.85333333333331
104.0,23.0,68.01999999999998
105.0,23.0,68.18666666666664
106.0,23.0,68.35333333333331
107.0,23.0,68.51999999999998
108.0,23.0,68.68666666666664
109.0,23.0,68.85333333333331
110.0,23.0,69.01999999999998
111.0,23.0,69.18666666666664
112.0,23.0,69.35333333333331
113.0,23.0,69.51999999999998
114.0,23.0,69.68666666666664
115.0,23.0,69.85333333333331
116.0,23.0,70.01999999999998
117.0,23.0,70.18666666666664
118.0,23.0,70.35333333333331
119.0,23.0,70.51999999999998
120.0,23.0,70.68666666666664
121.0,23.0,70.85333333333331
122.0,23.0,71.01999999999998
123.0,23.0,71.18666666666664
124.0,23.0,71.35333333333331
125.0,23.0,71.51999999999998
126.0,23.0,71.68666666666664
127.0,23.0,71.85333333333331
128.0,23.0,72.01999999999998
129.0,23.0,72.18666666666664
130.0,23.0,72.35333333333331
131.0,23.0,72.51999999999998
132.0,23.0,72.68666666666664
133.0,23.0,72.85333333333331
134.0,23.0,73.01999999999998
135.0,23.0,73.18666666666664
136.0,23.0,73.35333333333331
137.0,23.0,73.51999999999998
138.0,23.0,73.68666666666664
139.0,23.0,73.85333333333331
140.0,23.0,74.01999999999997
141.0,23.0,74.18666666666664
142.0,23.0,74.35333333333331
143.0,23.0,74.51999999999998
144.0,23.0,74.68666666666664
145.0,23.0,74.85333333333331
146.0,23.0,75.01999999999997
147.0,23.0,75.18666666666664
148.0,23.0,75.35333333333331
149.0,23.0,75.51999999999997
150.0,23.0,75.68666666666664
151.0,23.0,75.8533333333333
152.0,23.0,76.01999999999997
153.0,23.0,76.18666666666664
154.0,23.0,76.3533333333333
155.0,23.0,76.51999999999997
156.0,23.0,76.68666666666664
157.0,23.0,76.8533333333333
158.0,23.0,77.01999999999997
159.0,23.0,77.18666666666664
160.0,23.0,77.3533333333333
161.0,23.0,77.51999999999997
162.0,23.0,77.68666666666664
163.0,23.0,77.8533333333333
164.0,23.0,78.01999999999997
165.0,23.0,78.18666666666664
166.0,23.0,78.35333333333331
167.0,23.0,78.51999999999998
168.0,23.0,78.68666666666664
169.0,23.0,78.85333333333331
170.0,23.0,79.01999999999998
171.0,23.0,79.18666666666665
172.0,23.0,79.35333333333332
173.0,23.0,79.51999999999998
174.0,23.0,79.68666666666667
175.0,23.0,79.85333333333332
176.0,23.0,80.02
177.0,23.0,80.18666666666667
178.0,23.0,80.35333333333334
179.0,23.0,80.52000000000001
180.0,23.0,80.68666666666668
181.0,23.0,80.85333333333335
182.0,23.0,81.02000000000001
183.0,23.0,81.1866666666667
184.0,23.0,81.35333333333335
185.0,23.0,81.52000000000002
186.0,23.0,81.6866666666667
187.0,23.0,81.85333333333337
188.0,23.0,82.02000000000004
189.0,23.0,82.18666666666671
190.0,23.0,82.35333333333338
191.0,23.0,82.52000000000004
192.0,23.0,82.68666666666671
193.0,23.0,82.85333333333338
194.0,23.0,83.02000000000005
195.0,23.0,83.18666666666672
196.0,23.0,83.35333333333338
197.0,23.0,83.52000000000007
198.0,23.0,83.68666666666672
199.0,23.0,83.85333333333341
200.0,23.0,84.02000000000007
201.0,23.0,84.18666666666674
202.0,23.0,84.35333333333341
203.0,23.0,84.52000000000007
204.0,23.0,84.68666666666675
205.0,23.0,84.85333333333341
206.0,23.0,85.0200000000001
207.0,23.0,85.18666666666675
208.0,23.0,85.35333333333342
209.0,23.0,85.5200000000001
210.0,23.0,85.68666666666677
211.0,23.0,85.85333333333344
212.0,23.0,86.0200000000001
213.0,23.0,86.18666666666678
214.0,23.0,86.35333333333344
215.0,23.0,86.52000000000011
216.0,23.0,86.68666666666678
217.0,23.0,86.85333333333345
218.0,23.0,87.02000000000012
219.0,23.0,87.18666666666678
220.0,23.0,87.35333333333347
221.0,23.0,87.52000000000012
222.0,23.0,87.68666666666681
223.0,23.0,87.85333333333347
224.0,23.0,88.02000000000014
225.0,23.0,88.18666666666681
226.0,23.0,88.35333333333347
227.0,23.0,88.52000000000015
228.0,23.0,88.68666666666681
229.0,23.0,88.8533333333335
230.0,23.0,89.02000000000015
231.0,23.0,89.18666666666682
232.0,23.0,89.3533333333335
233.0,23.0,89.52000000000017
234.0,23.0,89.68666666666684
235.0,23.0,89.8533333333335
236.0,23.0,90.02000000000018
237.0,23.0,90.18666666666684
238.0,22.807555179195667,90.35193880564653
239.0,22.42444350540222,90.51443477307697
240.0,22.047767179608314,90.67420120191471
241.0,21.677418103557724,90.83128394179556
242.0,21.313289994783055,90.98572807219256
243.0,20.955278356104895,91.13757791535272
244.0,20.603280445643275,91.28687704901681
245.0,20.257195247332923,91.43366831892502
246.0,19.916923441933744,91.57799385111295
247.0,19.582367378528254,91.71989506400084
248.0,19.25343104649781,91.8594126802798
249.0,18.930020047969617,91.99658673859841
250.0,18.612041570726408,92.13145660505296
251.0,18.299404361571327,92.26406098448464
252.0,17.99201870014017,92.3944379315871
253.0,17.689796373153488,92.52262486182735
254.0,17.39265064910122,92.64865856218316
255.0,17.10049625335257,92.77257520170019
256.0,16.813249343683953,92.89441034187183
257.0,16.530827486218016,93.01419894684442
258.0,16.253149631766842,93.13197539345143
259.0,15.980136092572543,93.24777348107875
260.0,15.711708519438487,93.36162644136454
261.0,15.447789879244752,93.47356694773589
262.0,15.188304432841216,93.58362712478547
263.0,14.933177713311965,93.69183855749063
264.0,14.682336504604928,93.79823230027762
265.0,14.43570882052028,93.90283888593356
266.0,14.193223884051985,94.00568833436873
267.0,13.954812107076245,94.10681016123158
268.0,13.720405070381155,94.20623338637927
269.0,13.489935504031816,94.30398654220559
270.0,13.263337268065275,94.40009768182927
271.0,13.040545333509723,94.49459438714455
272.0,12.82149576372254,94.58750377673674
273.0,12.606125696041811,94.67885251366458
274.0,12.39437332374605,94.76866681311202
275.0,12.18617787831696,94.85697244991141
276.0,11.981479612000133,94.9437947659404
277.0,11.780219780658696,95.02915867739445
278.0,11.582340626914949,95.11308868193731
279.0,11.387785363575246,95.19560886573134
280.0,11.196498157333192,95.2767429103497
281.0,11.008424112746688,95.3565140995725
282.0,10.82350925648408,95.43494532606874
283.0,10.641700521834917,95.5120590979661
284.0,10.462945733480941,95.58787754531016
285.0,10.28719359252283,95.66242242641542
286.0,10.1143936617585,95.73571513410931
287.0,9.944496351208672,95.80777670187169
288.0,9.777452903885584,95.87862780987086
289.0,9.61321538180075,95.9482887908984
290.0,9.451736652207758,96.01677963620426
291.0,9.292970374076148,96.0841200012338
292.0,9.136870984792514,96.15032921126853
293.0,8.983393687084963,96.21542626697203
294.0,8.832494436167268,96.27942984984281
295.0,8.684129927098889,96.34235832757543
296.0,8.53825758235738,96.40422975933163
297.0,8.394835539619528,96.46506190092308
298.0,8.253822639747732,96.52487220990676
299.0,8.115178414978196,96.583677850595
300.0,7.978863077307514,96.64149569898129
301.0,7.844837507074352,96.69834234758328
302.0,7.713063241732911,96.75423411020452
303.0,7.583502464814988,96.80918702661623
304.0,7.456117995077428,96.86321686716028
305.0,7.330873275831886,96.91633913727499
306.0,7.2077323644538245,96.96856908194493
307.0,7.086659922067717,97.01992169007586
308.0,6.967621203405536,97.07041169879619
309.0,6.850582046835597,97.12005359768631
310.0,6.7355088645588514,97.16886163293674
311.0,6.62236863296991,97.21684981143652
312.0,6.511128883179954,97.26403190479289
313.0,6.401757691698838,97.31042145328345
314.0,6.294223671273713,97.35603176974197
315.0,6.188495961881537,97.4008759433788
316.0,6.084544221872899,97.44496684353729
317.0,5.9823386192645875,97.48831712338703
318.0,5.881849823178446,97.53093922355498
319.0,5.783048995424006,97.57284537569575
320.0,5.685907782222542,97.6140476060017
321.0,5.590398306070119,97.65455773865439
322.0,5.496493157737333,97.6943873992177
323.0,5.4041653884034275,97.73354801797424
324.0,5.313388501922565,97.77205083320558
325.0,5.224136447219953,97.80990689441731
326.0,5.1363836108157495,97.8471270655102
327.0,5.050104809474526,97.88372202789768
328.0,4.965275282978193,97.91970228357144
329.0,4.881870687020351,97.95507815811507
330.0,4.799867086219965,97.98985980366737
331.0,4.719240947252419,98.02405720183587
332.0,4.6399691320959375,98.05768016656121
333.0,4.562028891391459,98.09073834693362
334.0,4.485397857914039,98.12324122996199
335.0,4.410054040153928,98.15519814329642
336.0,4.335975816005464,98.18661825790517
337.0,4.2631419265619765,98.21751059070633
338.0,4.191531470014926,98.2478840071557
339.0,4.121123895655526,98.2777472237909
340.0,4.051898997977105,98.30710881073276
341.0,3.9838369108765552,98.3359771941449
342.0,3.916918101953176,98.3643606586518
343.0,3.8511233669032765,98.39226734971633
344.0,3.7864338240089475,98.41970527597726
345.0,3.7228309087193936,98.44668231154769
346.0,3.660296368323304,98.47320619827468
347.0,3.5988122567106937,98.499284547961
348.0,3.5383609292227547,98.52492484454956
349.0,3.4789250375881977,98.55013444627122
350.0,3.420487524944663,98.57492058775631
351.0,3.3630316209437607,98.59929038211098
352.0,3.3065408369383222,98.62325082295837
353.0,3.250998961250506,98.64680878644569
354.0,3.1963900545193917,98.66997103321756
355.0,3.1426984451266997,98.69274421035615
356.0,3.0899087246993733,98.71513485328876
357.0,3.038005743687697,98.73714938766332
358.0,2.9869746070176886,98.75879413119243
359.0,2.936800669816523,98.78007529546646
360.0,2.8874695332097624,98.80099898773611
361.0,2.8389670401891767,98.82157121266502
362.0,2.7912792715499752,98.84179787405304
363.0,2.7443925418962887,98.86168477653057
364.0,2.6982933957137467,98.88123762722415
365.0,2.6529686035080196,98.9004620373945
366.0,2.6084051580082352,98.91936352404673
367.0,2.5645902704341594,98.93794751151364
368.0,2.5215113668260813,98.95621933301238
369.0,2.479156084436362,98.97418423217496
370.0,2.4375122681815626,98.99184736455308
371.0,2.3965679671542035,99.0092137990977
372.0,2.3563114311930966,99.02628851961359
373.0,2.3167311075112993,99.04307642618974
374.0,2.2778156373806993,99.05958233660556
375.0,2.2395538528723007,99.07581098771331
376.0,2.201934773651257,99.09176703679775
377.0,2.1649476038257505,99.10745506291244
378.0,2.128581728848788,99.12287956819395
379.0,2.0928267124720543,99.13804497915388
380.0,2.0576722937509206,99.15295564794917
381.0,2.023108384099771,99.16761585363105
382.0,1.9891250643967888,99.18202980337307
383.0,1.95571258213737,99.19620163367841
384.0,1.922861348635368,99.21013541156707
385.0,1.8905619362713282,99.22383513574295
386.0,1.858805075786967,99.2373047377414
387.0,1.8275816536250828,99.25054808305754
388.0,1.796882709314157,99.26356897225546
389.0,1.7666994328968841,99.27637114205906
390.0,1.7370231624019015,99.28895826642429
391.0,1.7078453813579777,99.30133395759356
392.0,1.6791577163499682,99.31350176713232
393.0,1.650951934615816,99.32546518694838
394.0,1.6232199416839237,99.33722765029393
395.0,1.5959537790502067,99.3487925327508
396.0,1.5691456218941682,99.36016315319932
397.0,1.5427877768333398,99.37134277477057
398.0,1.5168726797154393,99.382334605783
399.0,1.4913928934476228,99.39314180066305
400.0,1.4663411058621847,99.40376746085047
401.0,1.441710127618124,99.41421463568827
402.0,1.4174928901379498,99.42448632329797
403.0,1.3936824435791526,99.43458547143985
404.0,1.3702719548397373,99.44451497835898
405.0,1.3472547055972703,99.45427769361693
406.0,1.3246240903808577,99.46387641890954
407.0,1.302373614675516,99.47331390887098
408.0,1.280496893058379,99.48259287186414
409.0,1.2589876473662152,99.4917159707581
410.0,1.2378397048937266,99.50068582369211
411.0,1.2170469966221091,99.50950500482705
412.0,1.1966035554773742,99.51817604508415
413.0,1.1765035146179175,99.52670143287122
414.0,1.156741105750864,99.53508361479696
415.0,1.1373106574766825,99.54332499637287
416.0,1.1182065936616157,99.55142794270375
417.0,1.0994234318374434,99.55939477916634
418.0,1.080955781628131,99.5672277920767
419.0,1.0627983432029018,99.57492922934628
420.0,1.0449459057552979,99.58250130112711
421.0,1.0273933460077855,99.58994618044602
422.0,1.0101356267414816,99.5972660038282
423.0,0.9931677953505776,99.60446287191044
424.0,0.9764849824210455,99.61153885004393
425.0,0.9600824003332147,99.61849596888693
426.0,0.9439553418878273,99.62533622498756
427.0,0.9280991789551695,99.6320615813568
428.0,0.9125093611468934,99.63867396803178
429.0,0.8971814145101552,99.64517528262968
430.0,0.8821109402436766,99.65156739089232
431.0,0.867293613435386,99.65785212722156
432.0,0.8527251818212562,99.66403129520577
433.0,0.8384014645649955,99.67010666813741
434.0,0.8243183510582327,99.6760799895219
435.0,0.8104717997408587,99.68195297357798
436.0,0.7968578369411833,99.68772730572972
437.0,0.783472555735575,99.69340464309013
438.0,0.7703121148272536,99.6989866149367
439.0,0.7573727374439191,99.70447482317905
440.0,0.7446507102538966,99.70987084281857
441.0,0.7321423823004874,99.71517622240046
442.0,0.7198441639542215,99.7203924844581
443.0,0.7077525258827058,99.72552112595
444.0,0.6958639980377836,99.73056361868942
445.0,0.6841751686596994,99.73552140976665
446.0,0.6726826832979969,99.74039592196446
447.0,0.6613832438488604,99.74518855416628
448.0,0.6502736076086286,99.74990068175764
449.0,0.6393505863432063,99.754533657021
450.0,0.6286110453731072,99.75908880952369
451.0,0.6180519026738663,99.7635674464996
452.0,0.6076701279915631,99.76797085322417
453.0,0.5974627419732015,99.7723002933834
454.0,0.5874268153116993,99.77655700943637
455.0,0.5775594679052354,99.78074222297192
456.0,0.5678578680307227,99.7848571350591
457.0,0.5583192315311616,99.78890292659193
458.0,0.5489408210166449,99.79288075862829
459.0,0.539719945078786,99.79679177272305
460.0,0.5306539575183371,99.8006370912558
461.0,0.5217402565857878,99.8044178177528
462.0,0.5129762842347163,99.80813503720378
463.0,0.5043595253876844,99.81178981637325
464.0,0.49588750721446084,99.8153832041067
465.0,0.4875577984223723,99.81891623163149
466.0,0.4793680085585718,99.82238991285293
467.0,0.47131578732402996,99.82580524464512
468.0,0.4633988238990465,99.82916320713716
469.0,0.4556148462800942,99.83246476399424
470.0,0.44796162062780115,99.83571086269446
471.0,0.44043695062588484,99.83890243480043
472.0,0.4330386768508561,99.84204039622689
473.0,0.4257646761523082,99.84512564750335
474.0,0.4186128610436187,99.84815907403265
475.0,0.41158117910288305,99.85114154634499
476.0,0.4046676123839119,99.85407392034779
477.0,0.3978701768371238,99.85695703757123
478.0,0.3911869217401634,99.85979172540993
479.0,0.38461592913808507,99.86257879736021
480.0,0.37815531329294116,99.86531905325364
481.0,0.37180322014261075,99.86801327948655
482.0,0.3655578267687278,99.87066224924575
483.0,0.35941734087353555,99.87326672273034
484.0,0.3533800002655406,99.87582744736994
485.0,0.347444072353795,99.87834515803918
486.0,0.34160785365068336,99.88082057726854
487.0,0.3358696692830539,99.88325441545174
488.0,0.33022787251156793,99.88564737104966
489.0,0.324680844258116,99.88800013079066
490.0,0.31922699264118104,99.89031336986777
491.0,0.3138647525189967,99.89258775213241
492.0,0.3085925850403887,99.89482393028487
493.0,0.3034089772031525,99.8970225460617
494.0,0.2983124414198571,99.89918423041982
495.0,0.2933015150909349,99.90130960371758
496.0,0.28837476018494895,99.90339927589284
497.0,0.2835307628259068,99.90545384663795
498.0,0.2787681328875057,99.90747390557192
499.0,0.2740855035941995,99.90946003240956
500.0,0.26948153112895773,99.91141279712788
501.0,0.2649548942476227,99.91333276012968
502.0,0.26050429389973584,99.91522047240431
503.0,0.25612845285574076,99.91707647568587
504.0,0.2518261153404423,99.91890130260863
505.0,0.24759604667262747,99.92069547685989
506.0,0.24343703291073507,99.92245951333025
507.0,0.23934788050448294,99.92419391826144
508.0,0.23532741595234039,99.92589918939154
509.0,0.23137448546476141,99.9275758160978
510.0,0.2274879546330674,99.92922427953718
511.0,0.22366670810389844,99.9308450527843
512.0,0.21990964925912965,99.93243860096734
513.0,0.21621569990116207,99.93400538140142
514.0,0.21258379994350637,99.93554584371984
515.0,0.20901290710655634,99.93706043000321
516.0,0.20550199661847984,99.93854957490626
517.0,0.2020500609211272,99.94001370578249
518.0,0.19865610938088651,99.941453242807
519.0,0.19531916800438895,99.94286859909687
520.0,0.19203827915899613,99.94426018082991
521.0,0.18881250129797705,99.94562838736107
522.0,0.18564090869030583,99.94697361133707
523.0,0.18252259115499378,99.9482962388092
524.0,0.1794566537998893,99.94959664934399
525.0,0.17644221676485963,99.95087521613215
526.0,0.17347841496929173,99.95213230609569
527.0,0.17056439786383099,99.95336827999324
528.0,0.16769932918629046,99.9545834925236
529.0,0.16488238672166372,99.95577829242737
530.0,0.1621127620661628,99.95695302258727
531.0,0.15938966039522634,99.95810802012636
532.0,0.15671230023541896,99.95924361650488
533.0,0.15407991324016687,99.96036013761531
534.0,0.15149174396925627,99.96145790387595
535.0,0.14894704967203992,99.96253723032285
536.0,0.14644510007428094,99.9635984267002
537.0,0.14398517716858156,99.96464179754926
538.0,0.14156657500832806,99.9656676422957
539.0,0.1391885995051003,99.96667625533559
540.0,0.1368505682294812,99.96766792611984
541.0,0.1345518102152155,99.96864293923736
542.0,0.13229166576665544,99.96960157449654
543.0,0.1300694862694413,99.97054410700574
544.0,0.12788463400436417,99.97147080725213
545.0,0.12573648196435214,99.9723819411794
546.0,0.12362441367453375,99.97327777026402
547.0,0.12154782301532148,99.97415855159021
548.0,0.11950611404846899,99.9750245379239
549.0,0.11749870084604802,99.97587597778511
550.0,0.11552500732230095,99.97671311551932
551.0,0.11358446706831439,99.97753619136763
552.0,0.11167652318947333,99.97834544153568
553.0,0.1098006281456424,99.97914109826137
554.0,0.10795624359403469,99.9799233898816
555.0,0.1061428402347175,99.9806925408978
556.0,0.10435989765871498,99.98144877204027
557.0,0.10260690419866139,99.98219230033156
558.0,0.10088335678196274,99.98292333914881
559.0,0.09918876078642648,99.98364209828495
560.0,0.09752262989831403,99.98434878400886
561.0,0.09588448597278007,99.9850435991246
562.0,0.09427385889665374,99.98572674302964
563.0,0.09269028645352712,99.98639841177206
564.0,0.09113331419110776,99.98705879810677
565.0,0.0896024952908012,99.98770809155091
566.0,0.08809739043948235,99.98834647843816
567.0,0.08661756770342297,99.98897414197225
568.0,0.0851626024043344,99.98959126227952
569.0,0.08373207699749512,99.99019801646065
570.0,0.08232558095192269,99.99079457864147
571.0,0.08094271063256106,99.99138112002285
572.0,0.07958306918444549,99.99195780892998
573.0,0.07824626641881259,99.99252481086056
574.0,0.07693191870112552,99.9930822885323
575.0,0.07563964884097779,99.9936304019297
576.0,0.07436908598384845,99.99416930834988
577.0,0.07311986550467357,99.99469916244774
578.0,0.07189162890320748,99.99522011628036
579.0,0.07068402370113962,99.99573231935068
580.0,0.06949670334094159,99.99623591865024
581.0,0.06832932708641157,99.99673105870158
582.0,0.06718155992489082,99.9972178815996
583.0,0.06605307247112117,99.99769652705228
584.0,0.0649435408727194,99.99816713242093
585.0,0.06385264671723723,99.99862983275946
586.0,0.06278007694078448,99.99908476085324
587.0,0.06172552373818593,99.99953204725713
588.0,0.06068868447464721,99.99997182033303
589.0,0.059669261598905954,100.0
590.0,0.05866696255783955,100.0
591.0,0.05768149971250959,100.0
592.0,0.05671259025561461,100.0
593.0,0.05575995613033107,100.0
